unit_id,unit_value,allocation_factor
oak,60694,0.606936771
oak2,3414,0.034145603
poplar,22304,0.223039937
willow2,5630,0.056300252
mopane,2014,0.020136485
cork,874,0.00873549
daffodil,1408,0.014085699
swan,3099,0.030994211
asgard,563,0.005625553